participant_id,participant_id_norm,group,global_time_id,depth_path,audio_start_ts,depth_start_ts,offset_depth,is_session2,has_session2,start_arithmetic,end_arithmetic,start_bad,end_bad,start_baseline,end_baseline,start_count,end_count,start_good,end_good,start_jelly,end_jelly,start_nature_video,end_nature_video,start_song,end_song,start_speech,end_speech,start_stress,end_stress,start_stroop,end_stroop
1,0001,Control,1675269869.163.wav,/scratch/hsharm62/OUD_Stress_depth/depth_hdf5/0001_20230201_114815.h5,1675269869.163,1675270095.5873678,-226.4243676662445,0,0,1090.0,1260.0,1644.0,1715.0,-1.0,-1.0,438.0,498.0,507.0,580.0,249.0,429.0,636.0,816.0,850.0,859.0,-1.0,-1.0,1265.0,1613.0,896.0,1050.0
1,0001,Control,1675269869.163.wav,/scratch/hsharm62/OUD_Stress_depth/depth_hdf5/0001_20230201_114817.h5,1675269869.163,1675270097.3416662,-228.17866611480713,0,0,1090.0,1260.0,1644.0,1715.0,-1.0,-1.0,438.0,498.0,507.0,580.0,249.0,429.0,636.0,816.0,850.0,859.0,-1.0,-1.0,1265.0,1613.0,896.0,1050.0
10,0010,Control,1675707180.466.wav,/scratch/hsharm62/OUD_Stress_depth/depth_hdf5/0010_20230206_131330.h5,1675707180.466,1675707210.8186178,-30.352617740631104,0,0,1048.0,1220.0,1595.0,1677.0,-1.0,-1.0,399.0,459.0,470.0,573.0,209.0,389.0,597.0,777.0,798.0,820.0,-1.0,-1.0,1225.0,1570.0,875.0,1010.0
10,0010,Control,1675707180.466.wav,/scratch/hsharm62/OUD_Stress_depth/depth_hdf5/0010_20230206_131332.h5,1675707180.466,1675707212.260556,-31.79455590248108,0,0,1048.0,1220.0,1595.0,1677.0,-1.0,-1.0,399.0,459.0,470.0,573.0,209.0,389.0,597.0,777.0,798.0,820.0,-1.0,-1.0,1225.0,1570.0,875.0,1010.0
11,0011,Control,1675713444.845.wav,/scratch/hsharm62/OUD_Stress_depth/depth_hdf5/0011_20230206_150709.h5,1675713444.845,1675714029.0621812,-584.2171812057495,0,0,1415.0,1575.0,1940.0,2030.0,-1.0,-1.0,754.0,814.0,825.0,917.0,564.0,744.0,951.0,1131.0,1153.0,1175.0,-1.0,-1.0,1580.0,1925.0,1230.0,1365.0
11,0011,Control,1675713444.845.wav,/scratch/hsharm62/OUD_Stress_depth/depth_hdf5/0011_20230206_150710.h5,1675713444.845,1675714030.3566654,-585.5116653442383,0,0,1415.0,1575.0,1940.0,2030.0,-1.0,-1.0,754.0,814.0,825.0,917.0,564.0,744.0,951.0,1131.0,1153.0,1175.0,-1.0,-1.0,1580.0,1925.0,1230.0,1365.0
12,0012,Control,1675784484.460.wav,/scratch/hsharm62/OUD_Stress_depth/depth_hdf5/0012_20230207_104816.h5,1675784484.46,1675784896.9985094,-412.5385093688965,0,0,1370.0,1480.0,1845.0,1965.0,-1.0,-1.0,661.0,721.0,745.0,842.0,471.0,651.0,858.0,1038.0,1065.0,1082.0,-1.0,-1.0,1485.0,1830.0,1135.0,1280.0
12,0012,Control,1675784484.460.wav,/scratch/hsharm62/OUD_Stress_depth/depth_hdf5/0012_20230207_104818.h5,1675784484.46,1675784898.5015244,-414.0415244102478,0,0,1370.0,1480.0,1845.0,1965.0,-1.0,-1.0,661.0,721.0,745.0,842.0,471.0,651.0,858.0,1038.0,1065.0,1082.0,-1.0,-1.0,1485.0,1830.0,1135.0,1280.0
13,0013,Control,1675791205.905.wav,/scratch/hsharm62/OUD_Stress_depth/depth_hdf5/0013_20230207_123740.h5,1675791205.905,1675791460.3882942,-254.48329424858093,0,0,1099.0,1282.0,1647.0,1732.0,-1.0,-1.0,462.0,522.0,533.0,585.0,273.0,453.0,660.0,840.0,860.0,884.0,-1.0,-1.0,1287.0,1637.0,938.0,1072.0
13,0013,Control,1675791205.905.wav,/scratch/hsharm62/OUD_Stress_depth/depth_hdf5/0013_20230207_123742.h5,1675791205.905,1675791462.065228,-256.1602280139923,0,0,1099.0,1282.0,1647.0,1732.0,-1.0,-1.0,462.0,522.0,533.0,585.0,273.0,453.0,660.0,840.0,860.0,884.0,-1.0,-1.0,1287.0,1637.0,938.0,1072.0
14,0014,Control,1676061131.616.wav,/scratch/hsharm62/OUD_Stress_depth/depth_hdf5/0014_20230210_153734.h5,1676061131.616,1676061454.265419,-322.64941906929016,0,0,1175.0,1355.0,1725.0,1815.0,-1.0,-1.0,535.0,592.0,600.0,715.0,344.0,524.0,731.0,911.0,930.0,955.0,-1.0,-1.0,1360.0,1705.0,1010.0,1160.0
14,0014,Control,1676061131.616.wav,/scratch/hsharm62/OUD_Stress_depth/depth_hdf5/0014_20230210_153736.h5,1676061131.616,1676061456.2454972,-324.6294972896576,0,0,1175.0,1355.0,1725.0,1815.0,-1.0,-1.0,535.0,592.0,600.0,715.0,344.0,524.0,731.0,911.0,930.0,955.0,-1.0,-1.0,1360.0,1705.0,1010.0,1160.0
15,0015,Control,1676063356.112.wav,/scratch/hsharm62/OUD_Stress_depth/depth_hdf5/0015_20230210_161523.h5,1676063356.112,1676063723.2601147,-367.1481146812439,0,0,-1.0,-1.0,1690.0,1800.0,-1.0,-1.0,585.0,637.0,650.0,755.0,389.0,569.0,775.0,955.0,982.0,999.0,-1.0,-1.0,1324.0,1670.0,1055.0,1200.0
15,0015,Control,1676063356.112.wav,/scratch/hsharm62/OUD_Stress_depth/depth_hdf5/0015_20230210_161526.h5,1676063356.112,1676063726.2185535,-370.1065535545349,0,0,-1.0,-1.0,1690.0,1800.0,-1.0,-1.0,585.0,637.0,650.0,755.0,389.0,569.0,775.0,955.0,982.0,999.0,-1.0,-1.0,1324.0,1670.0,1055.0,1200.0
16,0016,Control,1676065530.055.wav,/scratch/hsharm62/OUD_Stress_depth/depth_hdf5/0016_20230210_165218.h5,1676065530.055,1676065938.121133,-408.06613302230835,0,0,1274.0,1440.0,1812.0,1920.0,-1.0,-1.0,617.0,677.0,686.0,800.0,428.0,608.0,815.0,995.0,1015.0,1039.0,-1.0,-1.0,1445.0,1790.0,1093.0,1240.0
16,0016,Control,1676065530.055.wav,/scratch/hsharm62/OUD_Stress_depth/depth_hdf5/0016_20230210_165219.h5,1676065530.055,1676065939.5476878,-409.49268770217896,0,0,1274.0,1440.0,1812.0,1920.0,-1.0,-1.0,617.0,677.0,686.0,800.0,428.0,608.0,815.0,995.0,1015.0,1039.0,-1.0,-1.0,1445.0,1790.0,1093.0,1240.0
2,0002,Control,1675273336.704.wav,/scratch/hsharm62/OUD_Stress_depth/depth_hdf5/0002_20230201_124409.h5,1675273336.704,1675273449.5400598,-112.83605980873108,0,0,1025.0,1180.0,1630.0,1745.0,-1.0,-1.0,360.0,420.0,430.0,545.0,171.0,351.0,559.0,739.0,764.0,783.0,-1.0,-1.0,1190.0,1530.0,838.0,975.0
2,0002,Control,1675273336.704.wav,/scratch/hsharm62/OUD_Stress_depth/depth_hdf5/0002_20230201_124411.h5,1675273336.704,1675273451.9568284,-115.25282835960388,0,0,1025.0,1180.0,1630.0,1745.0,-1.0,-1.0,360.0,420.0,430.0,545.0,171.0,351.0,559.0,739.0,764.0,783.0,-1.0,-1.0,1190.0,1530.0,838.0,975.0
3,0003,Control,1675285622.268.wav,/scratch/hsharm62/OUD_Stress_depth/depth_hdf5/0003_20230201_160905.h5,1675285622.268,1675285745.072715,-122.80471515655518,0,0,1000.0,1180.0,1545.0,1665.0,-1.0,-1.0,363.0,417.0,424.0,543.0,168.0,348.0,556.0,736.0,760.0,780.0,-1.0,-1.0,1185.0,1530.0,815.0,973.0
3,0003,Control,1675285622.268.wav,/scratch/hsharm62/OUD_Stress_depth/depth_hdf5/0003_20230201_160906.h5,1675285622.268,1675285746.7371726,-124.46917271614075,0,0,1000.0,1180.0,1545.0,1665.0,-1.0,-1.0,363.0,417.0,424.0,543.0,168.0,348.0,556.0,736.0,760.0,780.0,-1.0,-1.0,1185.0,1530.0,815.0,973.0
4,0004,Control,1675287886.860.wav,/scratch/hsharm62/OUD_Stress_depth/depth_hdf5/0004_20230201_165444.h5,1675287886.86,1675288484.3313894,-597.4713895320892,0,0,1465.0,1635.0,2000.0,2110.0,-1.0,-1.0,815.0,872.0,885.0,992.0,623.0,803.0,1010.0,1190.0,1203.0,1233.0,-1.0,-1.0,1640.0,1985.0,1290.0,1435.0
4,0004,Control,1675287886.860.wav,/scratch/hsharm62/OUD_Stress_depth/depth_hdf5/0004_20230201_165445.h5,1675287886.86,1675288485.840984,-598.980984210968,0,0,1465.0,1635.0,2000.0,2110.0,-1.0,-1.0,815.0,872.0,885.0,992.0,623.0,803.0,1010.0,1190.0,1203.0,1233.0,-1.0,-1.0,1640.0,1985.0,1290.0,1435.0
5,0005,Control,1675358680.793.wav,/scratch/hsharm62/OUD_Stress_depth/depth_hdf5/0005_20230202_123038.h5,1675358680.793,1675359038.9511514,-358.15815138816833,0,0,1220.0,1390.0,1755.0,1855.0,-1.0,-1.0,567.0,626.0,635.0,750.0,378.0,558.0,765.0,945.0,970.0,989.0,-1.0,-1.0,1395.0,1735.0,1045.0,1190.0
5,0005,Control,1675358680.793.wav,/scratch/hsharm62/OUD_Stress_depth/depth_hdf5/0005_20230202_123039.h5,1675358680.793,1675359040.013969,-359.2209689617157,0,0,1220.0,1390.0,1755.0,1855.0,-1.0,-1.0,567.0,626.0,635.0,750.0,378.0,558.0,765.0,945.0,970.0,989.0,-1.0,-1.0,1395.0,1735.0,1045.0,1190.0
6,0006,Control,1675361689.387.wav,/scratch/hsharm62/OUD_Stress_depth/depth_hdf5/0006_20230202_132334.h5,1675361689.387,1675362214.2956476,-524.9086475372314,0,0,1380.0,1558.0,1920.0,2040.0,-1.0,-1.0,735.0,795.0,802.0,917.0,545.0,725.0,932.0,1112.0,1145.0,1155.0,-1.0,-1.0,1563.0,1905.0,1210.0,1360.0
6,0006,Control,1675361689.387.wav,/scratch/hsharm62/OUD_Stress_depth/depth_hdf5/0006_20230202_132335.h5,1675361689.387,1675362215.5687048,-526.1817047595978,0,0,1380.0,1558.0,1920.0,2040.0,-1.0,-1.0,735.0,795.0,802.0,917.0,545.0,725.0,932.0,1112.0,1145.0,1155.0,-1.0,-1.0,1563.0,1905.0,1210.0,1360.0
7,0007,Control,1675695757.997.wav,/scratch/hsharm62/OUD_Stress_depth/depth_hdf5/0007_20230206_100545.h5,1675695757.997,1675695945.942989,-187.9459891319275,0,0,1050.0,1220.0,1590.0,1690.0,-1.0,-1.0,398.0,458.0,470.0,570.0,209.0,389.0,596.0,776.0,800.0,820.0,-1.0,-1.0,1225.0,1570.0,875.0,1010.0
7,0007,Control,1675695757.997.wav,/scratch/hsharm62/OUD_Stress_depth/depth_hdf5/0007_20230206_100547.h5,1675695757.997,1675695947.2852907,-189.28829073905945,0,0,1050.0,1220.0,1590.0,1690.0,-1.0,-1.0,398.0,458.0,470.0,570.0,209.0,389.0,596.0,776.0,800.0,820.0,-1.0,-1.0,1225.0,1570.0,875.0,1010.0
8,0008,Control,1675698042.424.wav,/scratch/hsharm62/OUD_Stress_depth/depth_hdf5/0008_20230206_104526.h5,1675698042.424,1675698326.4461293,-284.02212929725647,0,0,1148.0,1315.0,-1.0,-1.0,-1.0,-1.0,492.0,552.0,560.0,667.0,304.0,484.0,690.0,870.0,895.0,915.0,-1.0,-1.0,1320.0,1490.0,970.0,1110.0
8,0008,Control,1675698042.424.wav,/scratch/hsharm62/OUD_Stress_depth/depth_hdf5/0008_20230206_104527.h5,1675698042.424,1675698327.5341234,-285.1101233959198,0,0,1148.0,1315.0,-1.0,-1.0,-1.0,-1.0,492.0,552.0,560.0,667.0,304.0,484.0,690.0,870.0,895.0,915.0,-1.0,-1.0,1320.0,1490.0,970.0,1110.0
8803,8803,OUD,1687866745.058.wav,/scratch/hsharm62/OUD_Stress_depth/depth_hdf5/8803_20230627_075415.h5,1687866745.058,1687866856.0194798,-110.96147966384888,0,0,-1.0,-1.0,1460.0,1544.0,270.0,387.0,421.0,481.0,490.0,535.0,65.0,245.0,632.0,812.0,1197.0,1107.0,-1.0,-1.0,1175.0,1427.0,878.0,1033.0
8803,8803,OUD,1687866745.058.wav,/scratch/hsharm62/OUD_Stress_depth/depth_hdf5/8803_20230627_075417.h5,1687866745.058,1687866857.338971,-112.28097081184387,0,0,-1.0,-1.0,1460.0,1544.0,270.0,387.0,421.0,481.0,490.0,535.0,65.0,245.0,632.0,812.0,1197.0,1107.0,-1.0,-1.0,1175.0,1427.0,878.0,1033.0
8804,8804,OUD,1687868916.437.wav,/scratch/hsharm62/OUD_Stress_depth/depth_hdf5/8804_20230627_083200.h5,1687868916.437,1687869120.876458,-204.43945789337158,0,0,-1.0,-1.0,1570.0,1590.0,410.0,482.0,550.0,610.0,630.0,655.0,213.0,393.0,775.0,955.0,1180.0,1210.0,-1.0,-1.0,1290.0,1558.0,995.0,1150.0
8814,8814,OUD,1686659436.255.wav,/scratch/hsharm62/OUD_Stress_depth/depth_hdf5/8814_20230613_083053.h5,1686659436.255,1686659453.8890631,-17.634063005447388,0,0,-1.0,-1.0,1485.0,1605.0,240.0,355.0,392.0,452.0,535.0,645.0,40.0,220.0,676.0,856.0,1083.0,1113.0,-1.0,-1.0,1201.0,1451.0,897.0,1052.0
8814,8814,OUD,1686659436.255.wav,/scratch/hsharm62/OUD_Stress_depth/depth_hdf5/8814_20230613_083056.h5,1686659436.255,1686659456.1360154,-19.881015300750732,0,0,-1.0,-1.0,1485.0,1605.0,240.0,355.0,392.0,452.0,535.0,645.0,40.0,220.0,676.0,856.0,1083.0,1113.0,-1.0,-1.0,1201.0,1451.0,897.0,1052.0
8829,8829,OUD,1686228972.890.wav,/scratch/hsharm62/OUD_Stress_depth/depth_hdf5/8829_20230608_085937.h5,1686228972.89,1686229177.4280386,-204.53803849220276,0,0,-1.0,-1.0,1795.0,1920.0,480.0,550.0,635.0,688.0,735.0,875.0,260.0,440.0,880.0,1069.0,1400.0,1430.0,-1.0,-1.0,1509.0,1760.0,1120.0,1300.0
8829,8829,OUD,1686228972.890.wav,/scratch/hsharm62/OUD_Stress_depth/depth_hdf5/8829_20230608_085939.h5,1686228972.89,1686229179.5066733,-206.61667323112488,0,0,-1.0,-1.0,1795.0,1920.0,480.0,550.0,635.0,688.0,735.0,875.0,260.0,440.0,880.0,1069.0,1400.0,1430.0,-1.0,-1.0,1509.0,1760.0,1120.0,1300.0
8832,8832,OUD,1686226731.932.wav,/scratch/hsharm62/OUD_Stress_depth/depth_hdf5/8832_20230608_082212.h5,1686226731.932,1686226932.3911994,-200.45919942855835,0,0,-1.0,-1.0,1545.0,1565.0,335.0,425.0,492.0,547.0,605.0,640.0,120.0,300.0,713.0,893.0,1165.0,1195.0,-1.0,-1.0,1260.0,1510.0,960.0,1130.0
8832,8832,OUD,1686226731.932.wav,/scratch/hsharm62/OUD_Stress_depth/depth_hdf5/8832_20230608_082214.h5,1686226731.932,1686226934.3130617,-202.38106179237366,0,0,-1.0,-1.0,1545.0,1565.0,335.0,425.0,492.0,547.0,605.0,640.0,120.0,300.0,713.0,893.0,1165.0,1195.0,-1.0,-1.0,1260.0,1510.0,960.0,1130.0
8840,8840,OUD,1683117911.916.wav,/scratch/hsharm62/OUD_Stress_depth/depth_hdf5/8840_20230503_084910.h5,1683117911.916,1683118150.410254,-238.49425411224365,0,0,-1.0,-1.0,1640.0,1680.0,455.0,525.0,594.0,654.0,685.0,755.0,265.0,445.0,813.0,993.0,1224.0,1254.0,-1.0,-1.0,1322.0,1571.0,1025.0,1180.0
8840,8840,OUD,1683117911.916.wav,/scratch/hsharm62/OUD_Stress_depth/depth_hdf5/8840_20230503_084913.h5,1683117911.916,1683118153.2566636,-241.34066367149353,0,0,-1.0,-1.0,1640.0,1680.0,455.0,525.0,594.0,654.0,685.0,755.0,265.0,445.0,813.0,993.0,1224.0,1254.0,-1.0,-1.0,1322.0,1571.0,1025.0,1180.0
8847,8847,OUD,1683120134.610.wav,/scratch/hsharm62/OUD_Stress_depth/depth_hdf5/8847_20230503_092223.h5,1683120134.61,1683120143.3938773,-8.7838773727417,0,0,-1.0,-1.0,1370.0,1430.0,220.0,315.0,359.0,419.0,435.0,510.0,29.0,209.0,566.0,746.0,1003.0,1034.0,-1.0,-1.0,1103.0,1354.0,1395.0,940.0
8847,8847,OUD,1683120134.610.wav,/scratch/hsharm62/OUD_Stress_depth/depth_hdf5/8847_20230503_092226.h5,1683120134.61,1683120146.2801213,-11.670121431350708,0,0,-1.0,-1.0,1370.0,1430.0,220.0,315.0,359.0,419.0,435.0,510.0,29.0,209.0,566.0,746.0,1003.0,1034.0,-1.0,-1.0,1103.0,1354.0,1395.0,940.0
8852,8852,OUD,1682512742.384.wav,/scratch/hsharm62/OUD_Stress_depth/depth_hdf5/8852_20230426_083857.h5,1682512742.384,1682512737.2892485,5.094751596450806,0,0,-1.0,-1.0,1645.0,1691.0,275.0,320.0,440.0,490.0,520.0,605.0,82.0,262.0,650.0,820.0,1265.0,1295.0,-1.0,-1.0,1362.0,1617.0,1010.0,1210.0
8852,8852,OUD,1682512742.384.wav,/scratch/hsharm62/OUD_Stress_depth/depth_hdf5/8852_20230426_083858.h5,1682512742.384,1682512738.784534,3.59946608543396,0,0,-1.0,-1.0,1645.0,1691.0,275.0,320.0,440.0,490.0,520.0,605.0,82.0,262.0,650.0,820.0,1265.0,1295.0,-1.0,-1.0,1362.0,1617.0,1010.0,1210.0
8898,8898,OUD,1676467292.875.wav,/scratch/hsharm62/OUD_Stress_depth/depth_hdf5/8898_20230215_082636.h5,1676467292.875,1676467596.368286,-303.4932858943939,0,0,1337.0,1462.0,1740.0,1860.0,-1.0,-1.0,620.0,675.0,685.0,790.0,427.0,607.0,813.0,993.0,1010.0,1040.0,-1.0,-1.0,1470.0,1722.0,1118.0,1260.0
9,0009,Control,1675705013.500.wav,/scratch/hsharm62/OUD_Stress_depth/depth_hdf5/0009_20230206_123942.h5,1675705013.5,1675705182.6623461,-169.16234612464905,0,0,1017.0,1200.0,1565.0,1675.0,-1.0,-1.0,380.0,440.0,450.0,552.0,190.0,370.0,578.0,758.0,770.0,800.0,-1.0,-1.0,1205.0,1555.0,858.0,1000.0
9,0009,Control,1675705013.500.wav,/scratch/hsharm62/OUD_Stress_depth/depth_hdf5/0009_20230206_123944.h5,1675705013.5,1675705184.466803,-170.96680307388306,0,0,1017.0,1200.0,1565.0,1675.0,-1.0,-1.0,380.0,440.0,450.0,552.0,190.0,370.0,578.0,758.0,770.0,800.0,-1.0,-1.0,1205.0,1555.0,858.0,1000.0
9913,9913,OUD,1674656796.423.wav,/scratch/hsharm62/OUD_Stress_depth/depth_hdf5/9913_20230125_092627.h5,1674656796.423,1674656787.7234375,8.699562549591064,0,0,950.0,1105.0,1505.0,1605.0,-1.0,-1.0,245.0,290.0,330.0,445.0,20.0,200.0,482.0,663.0,685.0,705.0,-1.0,-1.0,1115.0,1464.0,774.0,915.0
9913,9913,OUD,1674656796.423.wav,/scratch/hsharm62/OUD_Stress_depth/depth_hdf5/9913_20230125_092633.h5,1674656796.423,1674656793.2341654,3.1888346672058105,0,0,950.0,1105.0,1505.0,1605.0,-1.0,-1.0,245.0,290.0,330.0,445.0,20.0,200.0,482.0,663.0,685.0,705.0,-1.0,-1.0,1115.0,1464.0,774.0,915.0
9915,9915,OUD,1673452106.326.wav,/scratch/hsharm62/OUD_Stress_depth/depth_hdf5/9915_20230111_104813.h5,1673452106.326,1673452093.1411283,13.184871673583984,0,0,1060.0,1246.0,1254.0,1378.0,-1.0,-1.0,224.0,272.0,289.0,409.0,23.0,204.0,410.0,590.0,982.0,1001.0,-1.0,-1.0,591.0,942.0,-1.0,-1.0
9915,9915,OUD,1673452106.326.wav,/scratch/hsharm62/OUD_Stress_depth/depth_hdf5/9915_20230111_104814.h5,1673452106.326,1673452094.5830693,11.74293065071106,0,0,1060.0,1246.0,1254.0,1378.0,-1.0,-1.0,224.0,272.0,289.0,409.0,23.0,204.0,410.0,590.0,982.0,1001.0,-1.0,-1.0,591.0,942.0,-1.0,-1.0
9915v2,9915v2,OUD,1676379694.056.wav,/scratch/hsharm62/OUD_Stress_depth/depth_hdf5/9915v2_20230214_080353.h5,1676379694.056,1676379833.2284198,-139.17241978645325,0,0,1070.0,1245.0,1525.0,1640.0,-1.0,-1.0,399.0,459.0,480.0,595.0,211.0,391.0,598.0,778.0,797.0,822.0,-1.0,-1.0,1253.0,1503.0,899.0,1045.0
9915v2,9915v2,OUD,1676379694.056.wav,/scratch/hsharm62/OUD_Stress_depth/depth_hdf5/9915v2_20230214_080355.h5,1676379694.056,1676379835.5623713,-141.50637125968933,0,0,1070.0,1245.0,1525.0,1640.0,-1.0,-1.0,399.0,459.0,480.0,595.0,211.0,391.0,598.0,778.0,797.0,822.0,-1.0,-1.0,1253.0,1503.0,899.0,1045.0
9925,9925,OUD,1673449731.345.wav,/scratch/hsharm62/OUD_Stress_depth/depth_hdf5/9925_20230111_100942.h5,1673449731.345,1673449782.8379316,-51.492931604385376,0,0,1063.0,1240.0,1248.0,1370.0,-1.0,-1.0,254.0,313.0,324.0,446.0,64.0,244.0,450.0,630.0,1024.0,1049.0,-1.0,-1.0,631.0,985.0,-1.0,-1.0
9925,9925,OUD,1673449731.345.wav,/scratch/hsharm62/OUD_Stress_depth/depth_hdf5/9925_20230111_100944.h5,1673449731.345,1673449784.448411,-53.103410959243774,0,0,1063.0,1240.0,1248.0,1370.0,-1.0,-1.0,254.0,313.0,324.0,446.0,64.0,244.0,450.0,630.0,1024.0,1049.0,-1.0,-1.0,631.0,985.0,-1.0,-1.0
9929,9929,OUD,1673447593.159.wav,/scratch/hsharm62/OUD_Stress_depth/depth_hdf5/9929_20230111_093342.h5,1673447593.159,1673447622.5454454,-29.38644552230835,0,0,1091.0,1220.0,1229.0,1351.0,-1.0,-1.0,235.0,291.0,317.0,420.0,44.0,224.0,429.0,609.0,1003.0,1021.0,-1.0,-1.0,614.0,963.0,-1.0,-1.0
9929,9929,OUD,1673447593.159.wav,/scratch/hsharm62/OUD_Stress_depth/depth_hdf5/9929_20230111_093344.h5,1673447593.159,1673447624.1366613,-30.97766137123108,0,0,1091.0,1220.0,1229.0,1351.0,-1.0,-1.0,235.0,291.0,317.0,420.0,44.0,224.0,429.0,609.0,1003.0,1021.0,-1.0,-1.0,614.0,963.0,-1.0,-1.0
9933,9933,OUD,1673444789.088.wav,/scratch/hsharm62/OUD_Stress_depth/depth_hdf5/9933_p2_20230111_090749.h5,1673444789.088,1673446069.2874718,-1280.1994717121124,0,0,1297.0,1479.0,1493.0,1609.0,-1.0,-1.0,217.0,277.0,287.0,407.0,30.0,210.0,414.0,594.0,958.0,988.0,-1.0,-1.0,598.0,948.0,-1.0,-1.0
9933,9933,OUD,1673444789.088.wav,/scratch/hsharm62/OUD_Stress_depth/depth_hdf5/9933_p2_20230111_090750.h5,1673444789.088,1673446070.6061652,-1281.5181651115417,0,0,1297.0,1479.0,1493.0,1609.0,-1.0,-1.0,217.0,277.0,287.0,407.0,30.0,210.0,414.0,594.0,958.0,988.0,-1.0,-1.0,598.0,948.0,-1.0,-1.0
9941,9941,OUD,1673366743.954.wav,/scratch/hsharm62/OUD_Stress_depth/depth_hdf5/9941_20230110_110813.h5,1673366743.954,1673366893.7101614,-149.75616145133972,0,0,1165.0,1346.0,1362.0,1476.0,-1.0,-1.0,359.0,417.0,425.0,547.0,169.0,349.0,556.0,735.0,1127.0,1146.0,-1.0,-1.0,740.0,1089.0,-1.0,-1.0
9941,9941,OUD,1673366743.954.wav,/scratch/hsharm62/OUD_Stress_depth/depth_hdf5/9941_20230110_110815.h5,1673366743.954,1673366895.877186,-151.92318606376648,0,0,1165.0,1346.0,1362.0,1476.0,-1.0,-1.0,359.0,417.0,425.0,547.0,169.0,349.0,556.0,735.0,1127.0,1146.0,-1.0,-1.0,740.0,1089.0,-1.0,-1.0
9945,9945,OUD,1673362519.346.wav,/scratch/hsharm62/OUD_Stress_depth/depth_hdf5/9945_20230110_100048.h5,1673362519.346,1673362848.813626,-329.4676260948181,0,0,1783.0,1956.0,1966.0,2090.0,-1.0,-1.0,971.0,1017.0,1038.0,1160.0,770.0,950.0,1166.0,1345.0,1740.0,1763.0,-1.0,-1.0,1349.0,1700.0,-1.0,-1.0
9945,9945,OUD,1673362519.346.wav,/scratch/hsharm62/OUD_Stress_depth/depth_hdf5/9945_20230110_100050.h5,1673362519.346,1673362850.5675051,-331.2215051651001,0,0,1783.0,1956.0,1966.0,2090.0,-1.0,-1.0,971.0,1017.0,1038.0,1160.0,770.0,950.0,1166.0,1345.0,1740.0,1763.0,-1.0,-1.0,1349.0,1700.0,-1.0,-1.0
9945v2,9945v2,OUD,1676382114.382.wav,/scratch/hsharm62/OUD_Stress_depth/depth_hdf5/9945v2_20230214_084406.h5,1676382114.382,1676382246.9771278,-132.59512782096863,0,0,1090.0,1255.0,1530.0,1640.0,-1.0,-1.0,428.0,485.0,495.0,615.0,237.0,417.0,624.0,804.0,820.0,847.0,-1.0,-1.0,1260.0,1510.0,906.0,1050.0
9945v2,9945v2,OUD,1676382114.382.wav,/scratch/hsharm62/OUD_Stress_depth/depth_hdf5/9945v2_20230214_084410.h5,1676382114.382,1676382250.2124748,-135.83047485351562,0,0,1090.0,1255.0,1530.0,1640.0,-1.0,-1.0,428.0,485.0,495.0,615.0,237.0,417.0,624.0,804.0,820.0,847.0,-1.0,-1.0,1260.0,1510.0,906.0,1050.0
9948,9948,OUD,1673360589.473.wav,/scratch/hsharm62/OUD_Stress_depth/depth_hdf5/9948_20230110_092526.h5,1673360589.473,1673360726.1317987,-136.6587986946106,0,0,1174.0,1321.0,1330.0,1458.0,-1.0,-1.0,336.0,395.0,405.0,475.0,145.0,325.0,531.0,711.0,1110.0,1138.0,-1.0,-1.0,717.0,1066.0,-1.0,-1.0
9948,9948,OUD,1673360589.473.wav,/scratch/hsharm62/OUD_Stress_depth/depth_hdf5/9948_20230110_092528.h5,1673360589.473,1673360728.6871586,-139.21415853500366,0,0,1174.0,1321.0,1330.0,1458.0,-1.0,-1.0,336.0,395.0,405.0,475.0,145.0,325.0,531.0,711.0,1110.0,1138.0,-1.0,-1.0,717.0,1066.0,-1.0,-1.0
9952,9952,OUD,1673357547.571.wav,/scratch/hsharm62/OUD_Stress_depth/depth_hdf5/9952_20230110_084448.h5,1673357547.571,1673358288.425786,-740.8547859191895,0,0,1770.0,1965.0,1970.0,2085.0,-1.0,-1.0,971.0,1020.0,1035.0,1160.0,770.0,950.0,1167.0,1347.0,1708.0,1738.0,-1.0,-1.0,1350.0,1700.0,-1.0,-1.0
9952,9952,OUD,1673357547.571.wav,/scratch/hsharm62/OUD_Stress_depth/depth_hdf5/9952_20230110_084450.h5,1673357547.571,1673358290.5241883,-742.9531881809235,0,0,1770.0,1965.0,1970.0,2085.0,-1.0,-1.0,971.0,1020.0,1035.0,1160.0,770.0,950.0,1167.0,1347.0,1708.0,1738.0,-1.0,-1.0,1350.0,1700.0,-1.0,-1.0
9956,9956,OUD,1673272526.751.wav,/scratch/hsharm62/OUD_Stress_depth/depth_hdf5/9956_20230109_085504.h5,1673272526.751,1673272504.2889464,22.462053537368774,0,0,1103.0,1278.0,1291.0,1412.0,-1.0,-1.0,297.0,351.0,364.0,453.0,104.0,284.0,489.0,669.0,1062.0,1074.0,-1.0,-1.0,674.0,1024.0,-1.0,-1.0
9956,9956,OUD,1673272526.751.wav,/scratch/hsharm62/OUD_Stress_depth/depth_hdf5/9956_20230109_085506.h5,1673272526.751,1673272506.0895255,20.661474466323853,0,0,1103.0,1278.0,1291.0,1412.0,-1.0,-1.0,297.0,351.0,364.0,453.0,104.0,284.0,489.0,669.0,1062.0,1074.0,-1.0,-1.0,674.0,1024.0,-1.0,-1.0
9967,9967,OUD,1673017771.755.wav,/scratch/hsharm62/OUD_Stress_depth/depth_hdf5/9967_20230106_100934.h5,1673017771.755,1673017774.6148405,-2.8598403930664062,0,0,1506.0,1672.0,1700.0,1804.0,-1.0,-1.0,691.0,749.0,762.0,880.0,453.0,680.0,886.0,1066.0,1461.0,1473.0,-1.0,-1.0,1070.0,1420.0,-1.0,-1.0
9967,9967,OUD,1673017771.755.wav,/scratch/hsharm62/OUD_Stress_depth/depth_hdf5/9967_20230106_101128.h5,1673017771.755,1673017888.5521586,-116.79715847969055,0,0,1506.0,1672.0,1700.0,1804.0,-1.0,-1.0,691.0,749.0,762.0,880.0,453.0,680.0,886.0,1066.0,1461.0,1473.0,-1.0,-1.0,1070.0,1420.0,-1.0,-1.0
9969,9969,OUD,1672933676.369.wav,/scratch/hsharm62/OUD_Stress_depth/depth_hdf5/9969_20230105_105201.h5,1672933676.369,1672933921.3221228,-244.9531228542328,0,0,1271.0,1460.0,1470.0,1590.0,-1.0,-1.0,477.0,537.0,544.0,664.0,286.0,466.0,671.0,851.0,1216.0,1246.0,-1.0,-1.0,859.0,1210.0,-1.0,-1.0
9969,9969,OUD,1672933676.369.wav,/scratch/hsharm62/OUD_Stress_depth/depth_hdf5/9969_20230105_105203.h5,1672933676.369,1672933923.6287053,-247.2597053050995,0,0,1271.0,1460.0,1470.0,1590.0,-1.0,-1.0,477.0,537.0,544.0,664.0,286.0,466.0,671.0,851.0,1216.0,1246.0,-1.0,-1.0,859.0,1210.0,-1.0,-1.0
9973,9973,OUD,1672927911.556.wav,/scratch/hsharm62/OUD_Stress_depth/depth_hdf5/9973_20230105_091208.h5,1672927911.556,1672927928.6457744,-17.08977437019348,0,0,1455.0,1640.0,1660.0,1780.0,-1.0,-1.0,545.0,655.0,666.0,786.0,425.0,595.0,790.0,1030.0,1393.0,1423.0,-1.0,-1.0,1035.0,1385.0,-1.0,-1.0
9973v2,9973v2,OUD,1676641465.893.wav,/scratch/hsharm62/OUD_Stress_depth/depth_hdf5/9973v2_20230217_084626.h5,1676641465.893,1676641586.306112,-120.4131121635437,0,0,1000.0,1180.0,1470.0,1570.0,-1.0,-1.0,326.0,386.0,400.0,510.0,139.0,319.0,526.0,706.0,719.0,749.0,-1.0,-1.0,1194.0,1445.0,835.0,965.0
9973v2,9973v2,OUD,1676641465.893.wav,/scratch/hsharm62/OUD_Stress_depth/depth_hdf5/9973v2_20230217_084627.h5,1676641465.893,1676641587.744978,-121.85197806358337,0,0,1000.0,1180.0,1470.0,1570.0,-1.0,-1.0,326.0,386.0,400.0,510.0,139.0,319.0,526.0,706.0,719.0,749.0,-1.0,-1.0,1194.0,1445.0,835.0,965.0
9984,9984,OUD,1671113860.438.wav,/scratch/hsharm62/OUD_Stress_depth/depth_hdf5/9984_20221215_092250.h5,1671113860.438,1671114170.1753268,-309.73732686042786,0,0,1480.0,1665.0,1675.0,1800.0,-1.0,-1.0,683.0,742.0,745.0,875.0,496.0,676.0,877.0,1059.0,1415.0,1452.0,-1.0,-1.0,1060.0,1413.0,-1.0,-1.0
9984,9984,OUD,1671113860.438.wav,/scratch/hsharm62/OUD_Stress_depth/depth_hdf5/9984_20221215_092438.h5,1671113860.438,1671114278.6167104,-418.17871046066284,0,0,1480.0,1665.0,1675.0,1800.0,-1.0,-1.0,683.0,742.0,745.0,875.0,496.0,676.0,877.0,1059.0,1415.0,1452.0,-1.0,-1.0,1060.0,1413.0,-1.0,-1.0
9991,9991,OUD,1673275705.802.wav,/scratch/hsharm62/OUD_Stress_depth/depth_hdf5/9991_20230109_094817.h5,1673275705.802,1673275697.8201015,7.981898546218872,0,0,1125.0,1305.0,1318.0,1438.0,-1.0,-1.0,310.0,370.0,384.0,504.0,122.0,302.0,507.0,687.0,1061.0,1091.0,-1.0,-1.0,694.0,1052.0,-1.0,-1.0
9991,9991,OUD,1673275705.802.wav,/scratch/hsharm62/OUD_Stress_depth/depth_hdf5/9991_20230109_094819.h5,1673275705.802,1673275699.7187963,6.0832037925720215,0,0,1125.0,1305.0,1318.0,1438.0,-1.0,-1.0,310.0,370.0,384.0,504.0,122.0,302.0,507.0,687.0,1061.0,1091.0,-1.0,-1.0,694.0,1052.0,-1.0,-1.0
avery,avery,Control,1657562217.335.wav,/scratch/hsharm62/OUD_Stress_depth/depth_hdf5/avery_20220711_135649.h5,1657562217.335,1657562209.573605,7.76139497756958,0,0,1115.0,1300.0,1310.0,1435.0,-1.0,-1.0,237.0,297.0,305.0,415.0,49.0,229.0,434.0,614.0,1054.0,1084.0,-1.0,-1.0,619.0,1045.0,-1.0,-1.0
brian,brian,Control,1657559045.627.wav,/scratch/hsharm62/OUD_Stress_depth/depth_hdf5/brian_20220711_130424.h5,1657559045.627,1657559064.4456773,-18.818677186965942,0,0,1100.0,1290.0,1303.0,1410.0,-1.0,-1.0,225.0,285.0,293.0,413.0,36.0,216.0,422.0,602.0,1040.0,1070.0,-1.0,-1.0,606.0,1034.0,-1.0,-1.0
carolyn,carolyn,Control,1643922116.260.wav,/scratch/hsharm62/OUD_Stress_depth/depth_hdf5/carolyn_20220203_160521.h5,1643922116.26,1643922321.633974,-205.37397408485413,0,0,1310.0,1495.0,1508.0,1628.0,-1.0,-1.0,426.0,486.0,500.0,500.0,236.0,416.0,610.0,626.0,1244.0,1274.0,-1.0,-1.0,810.0,1230.0,-1.0,-1.0
carolyn,carolyn,Control,1643922116.260.wav,/scratch/hsharm62/OUD_Stress_depth/depth_hdf5/carolyn_20220426_131214.h5,1643922116.26,1650993134.8017797,-7071018.541779757,0,0,1310.0,1495.0,1508.0,1628.0,-1.0,-1.0,426.0,486.0,500.0,500.0,236.0,416.0,610.0,626.0,1244.0,1274.0,-1.0,-1.0,810.0,1230.0,-1.0,-1.0
christine,christine,Control,1644860629.087.wav,/scratch/hsharm62/OUD_Stress_depth/depth_hdf5/christine_20220214_124442.h5,1644860629.087,1644860682.4358273,-53.34882736206055,0,0,1167.0,1350.0,1360.0,1475.0,-1.0,-1.0,238.0,298.0,306.0,421.0,120.0,230.0,434.0,614.0,1105.0,1135.0,-1.0,-1.0,619.0,1048.0,-1.0,-1.0
christine,christine,Control,1644860629.087.wav,/scratch/hsharm62/OUD_Stress_depth/depth_hdf5/christine_sess2_20220503_140519.h5,1644860629.087,1651601119.9404018,-6740490.853401899,0,0,1167.0,1350.0,1360.0,1475.0,-1.0,-1.0,238.0,298.0,306.0,421.0,120.0,230.0,434.0,614.0,1105.0,1135.0,-1.0,-1.0,619.0,1048.0,-1.0,-1.0
colleen,colleen,Control,1644250538.112.wav,/scratch/hsharm62/OUD_Stress_depth/depth_hdf5/colleen_20220207_111546.h5,1644250538.112,1644250546.990911,-8.878911018371582,0,0,1135.0,1305.0,1330.0,1435.0,-1.0,-1.0,216.0,276.0,285.0,405.0,29.0,209.0,414.0,594.0,1070.0,1100.0,-1.0,-1.0,598.0,1038.0,-1.0,-1.0
coung,coung,Control,1658430081.306.wav,/scratch/hsharm62/OUD_Stress_depth/depth_hdf5/coung_20220721_150125.h5,1658430081.306,1658430085.0945752,-3.7885751724243164,0,0,1114.0,1285.0,1290.0,1395.0,-1.0,-1.0,220.0,280.0,295.0,405.0,30.0,210.0,416.0,596.0,1035.0,1065.0,-1.0,-1.0,600.0,1028.0,-1.0,-1.0
emily,emily,Control,1646859169.683.wav,/scratch/hsharm62/OUD_Stress_depth/depth_hdf5/emily_20220309_155253.h5,1646859169.683,1646859173.638105,-3.9551048278808594,0,0,1120.0,1284.0,1290.0,1410.0,-1.0,-1.0,218.0,278.0,285.0,395.0,30.0,210.0,414.0,594.0,1075.0,1105.0,-1.0,-1.0,600.0,840.0,-1.0,-1.0
gabrielle,gabrielle,Control,1645643603.237.wav,/scratch/hsharm62/OUD_Stress_depth/depth_hdf5/gabrielle_20220223_141326.h5,1645643603.237,1645643606.2868283,-3.049828290939331,0,0,1080.0,1270.0,1275.0,1395.0,-1.0,-1.0,207.0,267.0,275.0,390.0,23.0,197.0,402.0,582.0,1025.0,1052.0,-1.0,-1.0,587.0,1015.0,-1.0,-1.0
georgie,georgie,Control,1643919865.024.wav,/scratch/hsharm62/OUD_Stress_depth/depth_hdf5/georgie_20220203_152155.h5,1643919865.024,1643919715.9317954,149.09220457077026,0,0,1124.0,1204.0,1221.0,1351.0,-1.0,-1.0,239.0,299.0,305.0,420.0,48.0,228.0,439.0,619.0,1046.0,1086.0,-1.0,-1.0,624.0,1044.0,-1.0,-1.0
hannah,hannah,Control,1644332835.026.wav,/scratch/hsharm62/OUD_Stress_depth/depth_hdf5/hannah_20220208_100808.h5,1644332835.026,1644332888.8570778,-53.83107781410217,0,0,1200.0,1380.0,1385.0,1505.0,-1.0,-1.0,245.0,305.0,313.0,430.0,73.0,235.0,440.0,620.0,1134.0,1164.0,-1.0,-1.0,656.0,1085.0,-1.0,-1.0
huaiyu,huaiyu,Control,1658432428.740.wav,/scratch/hsharm62/OUD_Stress_depth/depth_hdf5/huaiyu_20220721_154033.h5,1658432428.74,1658432433.2483244,-4.508324384689331,0,0,1295.0,1460.0,1475.0,1590.0,-1.0,-1.0,400.0,456.0,480.0,580.0,209.0,389.0,594.0,774.0,1213.0,1243.0,-1.0,-1.0,779.0,1207.0,-1.0,-1.0
jingyu,jingyu,Control,1657552424.106.wav,/scratch/hsharm62/OUD_Stress_depth/depth_hdf5/jingyu_20220711_105956.h5,1657552424.106,1657551596.9176152,827.188384771347,0,0,1095.0,1280.0,1285.0,1400.0,-1.0,-1.0,216.0,276.0,282.0,395.0,28.0,208.0,412.0,592.0,1032.0,1062.0,-1.0,-1.0,597.0,1025.0,-1.0,-1.0
jordan,jordan,Control,1646774049.083.wav,/scratch/hsharm62/OUD_Stress_depth/depth_hdf5/jordan_20220308_161412.h5,1646774049.083,1646774052.4371455,-3.3541455268859863,0,0,1135.0,1315.0,1320.0,1430.0,-1.0,-1.0,224.0,284.0,295.0,400.0,35.0,215.0,444.0,624.0,1064.0,1094.0,-1.0,-1.0,630.0,1057.0,-1.0,-1.0
jordan,jordan,Control,1646774049.083.wav,/scratch/hsharm62/OUD_Stress_depth/depth_hdf5/jordan_20220426_164155.h5,1646774049.083,1651005715.8860054,-4231666.803005457,0,0,1135.0,1315.0,1320.0,1430.0,-1.0,-1.0,224.0,284.0,295.0,400.0,35.0,215.0,444.0,624.0,1064.0,1094.0,-1.0,-1.0,630.0,1057.0,-1.0,-1.0
joshua,joshua,Control,1643914197.459.wav,/scratch/hsharm62/OUD_Stress_depth/depth_hdf5/joshua_20220203_134956.h5,1643914197.459,1643914196.2589211,1.2000789642333984,0,0,1345.0,1530.0,1540.0,1665.0,-1.0,-1.0,460.0,520.0,530.0,650.0,270.0,450.0,661.0,841.0,1285.0,1310.0,-1.0,-1.0,846.0,1267.0,-1.0,-1.0
kaite,kaite,Control,1645628661.189.wav,/scratch/hsharm62/OUD_Stress_depth/depth_hdf5/kaite_20220223_100424.h5,1645628661.189,1645628664.6539116,-3.464911699295044,0,1,1093.0,1278.0,1285.0,1400.0,-1.0,-1.0,221.0,275.0,283.0,398.0,27.0,207.0,412.0,592.0,1034.0,1062.0,-1.0,-1.0,597.0,1024.0,-1.0,-1.0
kaite,kaite,Control,1645628661.189.wav,/scratch/hsharm62/OUD_Stress_depth/depth_hdf5/kaite_session2_20220510_165202.h5,1645628661.189,1652215922.3822577,-6587261.193257809,1,1,1093.0,1278.0,1285.0,1400.0,-1.0,-1.0,221.0,275.0,283.0,398.0,27.0,207.0,412.0,592.0,1034.0,1062.0,-1.0,-1.0,597.0,1024.0,-1.0,-1.0
kara8,kara8,Control,1663348992.477.wav,/scratch/hsharm62/OUD_Stress_depth/depth_hdf5/kara8_20220916_132316.h5,1663348992.477,1663348996.2908146,-3.813814640045166,0,0,1230.0,1440.0,1445.0,1555.0,-1.0,-1.0,283.0,343.0,352.0,465.0,97.0,277.0,555.0,731.0,1170.0,1200.0,-1.0,-1.0,735.0,1164.0,-1.0,-1.0
kirat,kirat,Control,1658420807.906.wav,/scratch/hsharm62/OUD_Stress_depth/depth_hdf5/kirat_20220721_122644.h5,1658420807.906,1658420804.597583,3.3084168434143066,0,0,1130.0,1310.0,1325.0,1445.0,-1.0,-1.0,215.0,275.0,318.0,438.0,27.0,207.0,449.0,629.0,1070.0,1100.0,-1.0,-1.0,634.0,1061.0,-1.0,-1.0
lohith7,lohith7,Control,1663602185.323.wav,/scratch/hsharm62/OUD_Stress_depth/depth_hdf5/lohith7_20220919_114324.h5,1663602185.323,1663602204.3279998,-19.00499987602234,0,0,1000.0,1180.0,1190.0,1305.0,-1.0,-1.0,280.0,336.0,345.0,460.0,88.0,256.0,473.0,653.0,938.0,968.0,-1.0,-1.0,658.0,893.0,-1.0,-1.0
lorn,lorn,Control,1645477034.980.wav,/scratch/hsharm62/OUD_Stress_depth/depth_hdf5/lorn_20220221_155756.h5,1645477034.98,1645477076.7033496,-41.72334957122803,0,0,1135.0,1288.0,1297.0,1397.0,-1.0,-1.0,224.0,284.0,295.0,413.0,57.0,215.0,420.0,600.0,1040.0,1070.0,-1.0,-1.0,656.0,1033.0,-1.0,-1.0
lydia7,lydia7,Control,1663605418.050.wav,/scratch/hsharm62/OUD_Stress_depth/depth_hdf5/lydia7_20220919_123700.h5,1663605418.05,1663605420.4536824,-2.4036824703216553,0,0,1090.0,1270.0,1305.0,1425.0,-1.0,-1.0,208.0,265.0,275.0,383.0,16.0,196.0,400.0,580.0,1021.0,1051.0,-1.0,-1.0,586.0,1014.0,-1.0,-1.0
missy,missy,Control,1644261604.309.wav,/scratch/hsharm62/OUD_Stress_depth/depth_hdf5/missy_20220207_142128.h5,1644261604.309,1644261688.7732654,-84.4642653465271,0,0,1190.0,1370.0,1385.0,1500.0,-1.0,-1.0,266.0,324.0,335.0,445.0,100.0,256.0,461.0,641.0,1130.0,1160.0,-1.0,-1.0,656.0,1083.0,-1.0,-1.0
moira2,moira2,Control,1645203866.852.wav,/scratch/hsharm62/OUD_Stress_depth/depth_hdf5/moira2_20220218_120419.h5,1645203866.852,1645203859.516644,7.335355997085571,0,0,1130.0,1315.0,1320.0,1440.0,-1.0,-1.0,196.0,253.0,263.0,377.0,57.0,185.0,390.0,570.0,1010.0,1040.0,-1.0,-1.0,575.0,1005.0,-1.0,-1.0
ruipeng,ruipeng,Control,1658337827.951.wav,/scratch/hsharm62/OUD_Stress_depth/depth_hdf5/ruipeng_20220720_132344.h5,1658337827.951,1658337824.4619162,3.489083766937256,0,0,1205.0,1390.0,1395.0,1515.0,-1.0,-1.0,325.0,385.0,400.0,495.0,138.0,318.0,522.0,702.0,1145.0,1172.0,-1.0,-1.0,707.0,1135.0,-1.0,-1.0
sawin,sawin,Control,1657825841.603.wav,/scratch/hsharm62/OUD_Stress_depth/depth_hdf5/sawin_20220714_151030.h5,1657825841.603,1657825830.397378,11.20562195777893,0,0,1455.0,1650.0,1658.0,1760.0,-1.0,-1.0,580.0,640.0,650.0,755.0,392.0,572.0,778.0,958.0,1397.0,1427.0,-1.0,-1.0,963.0,1390.0,-1.0,-1.0
shaily5,shaily5,Control,1664218994.531.wav,/scratch/hsharm62/OUD_Stress_depth/depth_hdf5/shaily5_20220926_150256.h5,1664218994.531,1664218976.543733,17.987267017364502,0,0,1075.0,1250.0,1270.0,1380.0,-1.0,-1.0,193.0,253.0,264.0,375.0,5.0,183.0,387.0,567.0,1008.0,1038.0,-1.0,-1.0,572.0,1000.0,-1.0,-1.0
shocky,shocky,Control,1644964364.966.wav,/scratch/hsharm62/OUD_Stress_depth/depth_hdf5/shocky_20220215_173247.h5,1644964364.966,1644964367.610635,-2.644634962081909,0,0,1185.0,1365.0,1375.0,1490.0,-1.0,-1.0,233.0,293.0,304.0,415.0,70.0,226.0,431.0,611.0,1120.0,1150.0,-1.0,-1.0,615.0,1043.0,-1.0,-1.0
susan8,susan8,Control,1663010139.848.wav,/scratch/hsharm62/OUD_Stress_depth/depth_hdf5/susan8_20220912_150448.h5,1663010139.848,1663009488.0529108,651.7950892448425,0,0,955.0,1135.0,1145.0,1260.0,-1.0,-1.0,235.0,295.0,305.0,420.0,45.0,225.0,431.0,611.0,890.0,920.0,-1.0,-1.0,615.0,851.0,-1.0,-1.0
susan8,susan8,Control,1663010139.848.wav,/scratch/hsharm62/OUD_Stress_depth/depth_hdf5/susan8_20220912_151616.h5,1663010139.848,1663010176.9899013,-37.14190125465393,0,0,955.0,1135.0,1145.0,1260.0,-1.0,-1.0,235.0,295.0,305.0,420.0,45.0,225.0,431.0,611.0,890.0,920.0,-1.0,-1.0,615.0,851.0,-1.0,-1.0
tabitha5,tabitha5,Control,1664890423.618.wav,/scratch/hsharm62/OUD_Stress_depth/depth_hdf5/tabitha5_20221004_093338.h5,1664890423.618,1664890418.7890286,4.8289713859558105,0,0,1285.0,1425.0,1435.0,1550.0,-1.0,-1.0,365.0,424.0,432.0,537.0,177.0,357.0,562.0,742.0,1182.0,1212.0,-1.0,-1.0,746.0,1174.0,-1.0,-1.0
timothy,timothy,Control,1644091447.048.wav,/scratch/hsharm62/OUD_Stress_depth/depth_hdf5/timothy_20220205_150408.h5,1644091447.048,1644091448.8970742,-1.849074125289917,0,0,1567.0,1753.0,1763.0,1880.0,-1.0,-1.0,577.0,634.0,641.0,761.0,333.0,506.0,817.0,997.0,1510.0,1537.0,-1.0,-1.0,860.0,1500.0,-1.0,-1.0
timothy,timothy,Control,1644091447.048.wav,/scratch/hsharm62/OUD_Stress_depth/depth_hdf5/timothy_20220430_150051.h5,1644091447.048,1651345251.0842392,-7253804.036239147,0,0,1567.0,1753.0,1763.0,1880.0,-1.0,-1.0,577.0,634.0,641.0,761.0,333.0,506.0,817.0,997.0,1510.0,1537.0,-1.0,-1.0,860.0,1500.0,-1.0,-1.0
vicki,vicki,Control,1644247998.174.wav,/scratch/hsharm62/OUD_Stress_depth/depth_hdf5/vicki_20220207_103607.h5,1644247998.174,1644248167.216107,-169.04210686683655,0,0,1250.0,1405.0,1415.0,1535.0,-1.0,-1.0,343.0,403.0,413.0,533.0,155.0,335.0,540.0,720.0,1160.0,1190.0,-1.0,-1.0,725.0,1153.0,-1.0,-1.0
xianfei,xianfei,OUD,1689798373.817.wav,/scratch/hsharm62/OUD_Stress_depth/depth_hdf5/xianfei_20230719_163345.h5,1689798373.817,1689798825.2886693,-451.4716694355011,0,0,1680.0,1815.0,2174.0,2275.0,694.0,780.0,829.0,889.0,920.0,1010.0,458.0,645.0,1042.0,1222.0,1512.0,1542.0,-1.0,-1.0,1833.0,2137.0,1255.0,1405.0
xianfei,xianfei,OUD,1689798373.817.wav,/scratch/hsharm62/OUD_Stress_depth/depth_hdf5/xianfei_20230719_163346.h5,1689798373.817,1689798826.8764298,-453.0594298839569,0,0,1680.0,1815.0,2174.0,2275.0,694.0,780.0,829.0,889.0,920.0,1010.0,458.0,645.0,1042.0,1222.0,1512.0,1542.0,-1.0,-1.0,1833.0,2137.0,1255.0,1405.0
yue,yue,Control,1658341726.023.wav,/scratch/hsharm62/OUD_Stress_depth/depth_hdf5/yue_20220720_143138.h5,1658341726.023,1658341898.155015,-172.1320149898529,0,0,1260.0,1430.0,1440.0,1552.0,-1.0,-1.0,370.0,427.0,435.0,555.0,184.0,359.0,565.0,745.0,1190.0,1215.0,-1.0,-1.0,749.0,1177.0,-1.0,-1.0
yuhsun,yuhsun,Control,1644253381.582.wav,/scratch/hsharm62/OUD_Stress_depth/depth_hdf5/yuhsun_20220207_120307.h5,1644253381.582,1644253387.4829113,-5.900911331176758,0,0,1165.0,1340.0,1350.0,1445.0,-1.0,-1.0,216.0,273.0,285.0,400.0,48.0,205.0,410.0,590.0,1100.0,1130.0,-1.0,-1.0,594.0,1085.0,-1.0,-1.0
yuxuan,yuxuan,Control,1657564428.314.wav,/scratch/hsharm62/OUD_Stress_depth/depth_hdf5/yuxuan_20220711_143307.h5,1657564428.314,1657564387.7081428,40.605857133865356,0,0,1135.0,1315.0,1335.0,1445.0,-1.0,-1.0,255.0,315.0,325.0,435.0,66.0,246.0,451.0,631.0,1070.0,1100.0,-1.0,-1.0,636.0,1063.0,-1.0,-1.0
